id;email;token;role;status;invited_at;expires_at;accepted_at;invited_by_user_id;invited_by_login;organization_id
1;Catharine74@hotmail.com;that;OWNER;REVOKED;2026-05-28T22:21:22;2026-05-29T15:46:49;2026-05-29T00:38:23;270;abnegate appropriate gah;1
2;Wm.Quitzon71@hotmail.com;oof calculating vestment;MEMBER;ACCEPTED;2026-05-29T14:28:09;2026-05-29T09:03:46;2026-05-29T06:23:16;18341;promise boohoo amidst;2
3;Virginie.Auer27@hotmail.com;unlike;MEMBER;EXPIRED;2026-05-29T00:16:38;2026-05-29T00:31:29;2026-05-28T22:02:48;1743;honorable;3
4;Marjolaine82@yahoo.com;strictly young around;MEMBER;ACCEPTED;2026-05-29T13:41:10;2026-05-29T16:00:05;2026-05-29T08:10:08;32731;account;4
5;Ayana.Hessel@hotmail.com;by tighten;MEMBER;PENDING;2026-05-29T06:38:11;2026-05-29T16:50:03;2026-05-29T13:49:21;20386;crank accredit habit;5
6;Cecelia.Bosco79@hotmail.com;beautifully given;MEMBER;PENDING;2026-05-29T13:25:34;2026-05-29T07:04:52;2026-05-29T03:00:22;23800;narrowcast;6
7;Edwardo_Davis@hotmail.com;jump;ADMIN;ACCEPTED;2026-05-28T20:17:41;2026-05-28T18:32:01;2026-05-29T09:47:44;29145;despite boastfully grass;7
8;Merlin_Bechtelar13@hotmail.com;as screw;ADMIN;PENDING;2026-05-29T03:14:18;2026-05-29T10:26:49;2026-05-29T08:49:00;26902;likewise woot prance;8
9;Lucy.Bernhard5@gmail.com;psst that whopping;OWNER;PENDING;2026-05-29T03:04:42;2026-05-29T11:16:02;2026-05-29T14:53:44;25347;remark;9
10;Jammie_Vandervort81@gmail.com;defiantly helplessly illusion;OWNER;ACCEPTED;2026-05-29T11:53:09;2026-05-29T06:49:28;2026-05-28T19:02:25;4153;after hexagon consequently;10
11;Lazaro_Auer@gmail.com;red;MEMBER;EXPIRED;2026-05-28T18:24:02;2026-05-29T02:53:45;2026-05-29T10:59:21;4157;into;11
12;Pat.Heidenreich65@gmail.com;starch fully;MEMBER;EXPIRED;2026-05-29T09:34:11;2026-05-29T05:57:15;2026-05-29T06:18:14;28617;provided;12
13;Jana.Sipes@yahoo.com;and dress;MEMBER;REVOKED;2026-05-29T08:02:19;2026-05-28T22:16:20;2026-05-29T09:43:02;20724;accompanist considering;13
14;Aletha.Senger@hotmail.com;circa;ADMIN;REVOKED;2026-05-29T15:06:38;2026-05-29T03:40:08;2026-05-29T09:37:19;31105;apparatus between;14
15;Lorna.Feest88@hotmail.com;fortunate indeed noisily;OWNER;ACCEPTED;2026-05-28T23:04:41;2026-05-29T14:50:51;2026-05-29T02:44:59;21105;hypothesise er innovate;15
16;Evan_Lemke57@gmail.com;guard agile;ADMIN;EXPIRED;2026-05-29T16:03:34;2026-05-28T18:38:16;2026-05-29T16:30:18;18561;insidious aw;16
17;Wesley_Murazik71@hotmail.com;that pulverize;OWNER;REVOKED;2026-05-29T02:39:17;2026-05-29T10:53:25;2026-05-28T20:14:04;6397;upwardly everlasting stealthily;17
18;Nolan.Bashirian57@gmail.com;silver;ADMIN;REVOKED;2026-05-29T16:17:12;2026-05-29T11:12:03;2026-05-29T08:56:28;4563;kindheartedly;18
19;Wallace84@hotmail.com;character hm;MEMBER;ACCEPTED;2026-05-29T00:26:11;2026-05-28T20:40:24;2026-05-29T12:57:11;20175;unto;19
20;Ivy.Flatley@gmail.com;reckless;OWNER;REVOKED;2026-05-28T23:09:58;2026-05-28T21:23:26;2026-05-29T08:48:50;12153;represent jet mmm;20
21;Burdette_Deckow15@hotmail.com;why hole;ADMIN;REVOKED;2026-05-29T17:22:10;2026-05-29T06:43:07;2026-05-29T03:45:01;1996;between;21
22;Antonia97@yahoo.com;ack;OWNER;REVOKED;2026-05-29T12:54:03;2026-05-29T00:16:43;2026-05-29T06:05:31;32266;meh;22
23;Dianna_Labadie97@hotmail.com;excitedly vice;OWNER;PENDING;2026-05-29T00:51:49;2026-05-28T22:02:20;2026-05-29T14:48:45;4885;until pfft dash;23
24;Nora.Sipes@yahoo.com;colon;OWNER;REVOKED;2026-05-29T13:16:42;2026-05-29T10:28:08;2026-05-29T10:15:02;11252;meh newsprint uh-huh;24
25;Lewis.Gerlach@yahoo.com;atrium crafty if;OWNER;PENDING;2026-05-29T17:28:45;2026-05-28T19:05:32;2026-05-29T05:06:03;27773;mixed;25
26;Eric98@yahoo.com;after amongst within;ADMIN;PENDING;2026-05-29T16:09:15;2026-05-28T22:41:00;2026-05-28T21:05:59;2821;oh passport restfully;26
27;Annamae26@hotmail.com;husk sushi;OWNER;ACCEPTED;2026-05-28T19:12:16;2026-05-28T20:18:53;2026-05-29T08:12:28;21352;tangible remarkable;27
28;Gerda40@yahoo.com;digit fray solace;OWNER;EXPIRED;2026-05-28T19:28:16;2026-05-29T05:53:16;2026-05-28T22:48:44;27011;diligently meanwhile;28
29;Eloise19@yahoo.com;democratize immediately madly;MEMBER;PENDING;2026-05-29T05:21:33;2026-05-28T23:23:36;2026-05-29T10:32:40;6691;limply;29
30;Reymundo.Batz@yahoo.com;between;MEMBER;ACCEPTED;2026-05-29T10:46:48;2026-05-28T22:13:30;2026-05-29T13:48:32;20274;deeply;30
