id;user_id;user_login;user_email;role;joined_at;active;organization_id
1;7227;defensive reassuringly provided;so peninsula soliloquy;ADMIN;2026-05-28T22:59:16;false;1
2;20863;powerfully our;lest geez;OWNER;2026-05-29T16:26:54;false;2
3;12364;nicely an huzzah;hydrolyze;ADMIN;2026-05-29T06:21:35;false;3
4;22343;below;true scholarship;ADMIN;2026-05-28T23:32:29;false;4
5;26152;mobilise black internal;pity oh;ADMIN;2026-05-29T15:47:22;true;5
6;26716;agreeable;excluding;MEMBER;2026-05-29T15:20:13;true;6
7;21388;briskly mash;plus roundabout;OWNER;2026-05-29T05:00:22;false;7
8;23170;silt closely diver;huzzah whether;OWNER;2026-05-29T17:23:38;false;8
9;4480;anenst enormously;label once that;MEMBER;2026-05-29T11:51:16;false;9
10;25999;overconfidently;observe owlishly;MEMBER;2026-05-29T16:08:39;true;10
11;15439;lovable circa confound;kowtow;ADMIN;2026-05-29T12:54:00;true;11
12;2677;beneath deselect;robust;OWNER;2026-05-29T09:06:04;false;12
13;7919;round;oh informal through;ADMIN;2026-05-28T22:51:14;true;13
14;27081;gloomy gee;circa but provided;OWNER;2026-05-29T14:23:11;true;14
15;16758;clamor;pave;ADMIN;2026-05-29T00:57:28;false;15
16;30333;chasuble;fooey;OWNER;2026-05-28T22:34:50;false;16
17;32014;versus;because gosh;MEMBER;2026-05-29T16:06:40;false;17
18;22091;shrilly;boss what stock;ADMIN;2026-05-29T12:31:26;false;18
19;5659;acidly;cemetery than;ADMIN;2026-05-28T23:09:42;true;19
20;7365;fen with gah;uh-huh;MEMBER;2026-05-28T19:56:46;true;20
21;9305;inside;weatherize bench;ADMIN;2026-05-29T03:48:46;false;21
22;20364;under sans;chase iterate before;OWNER;2026-05-28T21:27:32;false;22
23;24900;even;grandpa;MEMBER;2026-05-29T07:52:23;true;23
24;1195;husk;dependency psst;MEMBER;2026-05-29T10:09:13;true;24
25;7757;bright possession;nor;ADMIN;2026-05-29T08:05:48;false;25
26;15121;oof ah;hungry council about;OWNER;2026-05-29T05:05:46;true;26
27;17889;ick cautious runny;insignificant properly perfectly;MEMBER;2026-05-29T11:55:27;false;27
28;17602;fencing beautifully tremendously;so as since;MEMBER;2026-05-29T06:10:26;false;28
29;11389;in own swill;wrongly eek;OWNER;2026-05-28T21:08:38;true;29
30;20525;gah;without inventory about;OWNER;2026-05-29T03:30:55;true;30
