id;organization_id;entity_type;entity_id;action;performed_by;created_at
1;29477;COMMENT;7754;PROJECT_CREATED;boo;2026-06-08T22:25:20
2;3360;TASK;31474;COMMENT_ADDED;finally sinful mutate;2026-06-09T10:06:53
3;23477;PROJECT;10624;PROJECT_CREATED;reiterate inject how;2026-06-09T12:37:44
4;2820;TASK;26710;TASK_CREATED;whoever duh;2026-06-09T04:06:00
5;27773;PROJECT;25867;PROJECT_UPDATED;deduce meh intervention;2026-06-09T08:28:44
6;21462;COMMENT;16854;COMMENT_ADDED;deadly parallel;2026-06-09T16:50:27
7;2390;PROJECT;6169;TASK_STATUS_CHANGED;delightfully;2026-06-08T17:59:44
8;28367;PROJECT;8723;TASK_STATUS_CHANGED;tromp er ouch;2026-06-08T19:36:07
9;5895;TASK;8559;COMMENT_ADDED;couch;2026-06-09T06:16:33
10;18945;COMMENT;12678;TASK_STATUS_CHANGED;yum rosy;2026-06-09T11:54:37
11;29459;TASK;3223;TASK_ASSIGNED;elliptical ah;2026-06-09T14:24:02
12;9884;TASK;21335;TASK_ASSIGNED;gullible;2026-06-08T22:09:36
13;29607;PROJECT;18053;TASK_UPDATED;pfft among along;2026-06-09T03:43:04
14;9716;COMMENT;32545;PROJECT_ARCHIVED;restfully;2026-06-09T01:05:16
15;4904;COMMENT;9721;TASK_ASSIGNED;extra-large;2026-06-09T07:13:54
16;3865;COMMENT;23116;TASK_STATUS_CHANGED;instead taro;2026-06-09T05:40:19
17;23434;PROJECT;9954;TASK_UPDATED;damp athwart ah;2026-06-09T05:13:58
18;670;PROJECT;24285;PROJECT_UPDATED;chapel;2026-06-09T15:02:47
19;7808;TASK;32201;TASK_ASSIGNED;paltry;2026-06-09T09:25:36
20;16400;TASK;5650;COMMENT_ADDED;like;2026-06-08T23:28:38
21;414;PROJECT;12746;TASK_UPDATED;blindly;2026-06-09T03:40:16
22;18746;TASK;20464;PROJECT_CREATED;summary cannon before;2026-06-09T13:16:48
23;32239;PROJECT;5007;COMMENT_ADDED;forenenst bouncy kielbasa;2026-06-08T18:43:02
24;976;TASK;3483;PROJECT_CREATED;for advancement;2026-06-09T08:26:55
25;4711;COMMENT;5030;TASK_UPDATED;forenenst via around;2026-06-09T02:30:35
26;22126;PROJECT;15248;PROJECT_ARCHIVED;goodwill exactly;2026-06-09T11:16:27
27;23369;TASK;10481;PROJECT_UPDATED;though;2026-06-09T09:14:50
28;2833;COMMENT;17114;TASK_STATUS_CHANGED;home but cute;2026-06-08T20:19:08
29;15268;COMMENT;15893;TASK_ASSIGNED;design obsess afterwards;2026-06-09T02:23:14
30;15586;TASK;21968;PROJECT_ARCHIVED;singe extroverted like;2026-06-08T20:01:38
